DailyTimeSpentOnSite,Age,AreaIncome,DailyInternetUsage,AdTopicLine,City,Male,Country,Timestamp,ClickedOnAd
38.52,38,42581.23,137.28,Customer-focused 24/7 concept,Lesliebury,1,Saint Vincent and the Grenadines,2022-04-29T23:59:06Z,1
63.88,38,19991.72,136.85,Upgradable even-keeled hardware,Kristintown,0,Madagascar,2022-04-29T23:56:06Z,1
41.88,40,44217.68,126.11,Streamlined exuding adapter,Port Rachel,1,Cyprus,2022-04-29T23:54:44Z,1
77.05,27,66624.6,191.14,Reduced bi-directional strategy,North Anna,0,United Arab Emirates,2022-04-29T23:48:29Z,0
71.89,23,61617.98,172.81,Function-based transitional complexity,Patriciahaven,1,Kuwait,2022-04-29T23:47:56Z,0
71.03,32,57846.68,120.85,Advanced systemic productivity,Keithtown,0,Netherlands Antilles,2022-04-29T23:47:00Z,1
64.2,27,66200.96,227.63,Phased zero tolerance extranet,Edwardsmouth,1,Isle of Man,2022-04-29T23:45:01Z,0
86.58,32,60151.77,195.93,Business-focused asynchronous budgetary management,Henryfort,1,Mexico,2022-04-29T23:44:44Z,0
37.32,50,56735.14,199.25,Versatile dedicated software,New Nancy,1,Chad,2022-04-29T23:40:52Z,1
56.34,50,68713.7,139.02,Multi-channeled mission-critical success,Port Michealburgh,1,Anguilla,2022-04-29T23:39:28Z,1
76.64,39,66217.31,241.5,Reverse-engineered web-enabled support,North Daniel,1,Poland,2022-04-29T23:38:30Z,0
66.63,60,60333.38,176.98,User-friendly upward-trending intranet,New Lucasburgh,0,Madagascar,2022-04-29T23:37:51Z,1
62.42,29,73910.9,198.5,Upgradable optimizing toolset,Jasminefort,1,Canada,2022-04-29T23:36:03Z,0
48.46,49,61230.03,132.38,Devolved human-resource circuit,Lisamouth,1,Indonesia,2022-04-29T23:33:22Z,1
35.98,47,55993.68,165.52,Focused 3rdgeneration pricing structure,West Jane,1,El Salvador,2022-04-29T23:26:54Z,1
55.71,37,57806.03,112.52,Upgradable 4thgeneration portal,Lake James,1,Korea,2022-04-29T23:26:44Z,1
72.8,35,63551.67,249.54,Public-key solution-oriented focus group,Austinland,0,Puerto Rico,2022-04-29T23:21:26Z,0
39.96,35,53898.89,138.52,Phased leadingedge budgetary management,Kingchester,1,Pitcairn Islands,2022-04-29T23:21:22Z,1
66.18,55,28271.84,143.42,Vision-oriented contextually-based extranet,Frankbury,0,Svalbard & Jan Mayen Islands,2022-04-29T23:14:30Z,1
57.7,34,42696.67,109.07,Phased dynamic customer loyalty,New Tina,0,Australia,2022-04-29T23:13:11Z,1
66.83,46,77871.75,196.17,Assimilated hybrid initiative,North Jeremyport,1,Cyprus,2022-04-29T23:10:32Z,0
86.78,30,54952.42,170.13,Fundamental zero tolerance solution,New Steve,1,United States of America,2022-04-29T23:08:59Z,0
83.67,44,60192.72,234.26,Upgradable system-worthy array,West Shaun,1,Saint Helena,2022-04-29T23:08:57Z,0
55.46,37,42078.89,108.1,Exclusive systematic algorithm,Chrismouth,0,Taiwan,2022-04-29T23:07:11Z,1
66.08,61,58966.22,184.23,Synchronized multi-tasking ability,Klineside,1,Cuba,2022-04-29T23:02:43Z,1
66.04,27,71881.84,199.76,Synergistic non-volatile analyzer,Cassandratown,0,Mauritius,2022-04-29T23:02:11Z,0
80.55,35,68016.9,219.91,Extended grid-enabled hierarchy,Port Brittanyville,0,British Virgin Islands,2022-04-29T23:01:24Z,0
63.11,34,63107.88,254.94,Balanced mobile Local Area Network,Port Karenfurt,1,Micronesia,2022-04-29T22:59:46Z,0
67.85,41,78520.99,202.7,Reactive tangible contingency,East Ronald,1,Saint Helena,2022-04-29T22:51:34Z,1
65.4,33,66699.12,247.31,Adaptive 24hour Graphic Interface,Sylviaview,0,Palau,2022-04-29T22:51:08Z,0
91.1,40,55499.69,198.13,Secured intermediate approach,Michaelmouth,1,Bolivia,2022-04-29T22:51:00Z,0
50.6,48,65956.71,135.67,Customer-focused fault-tolerant implementation,Port Michaelmouth,0,Brazil,2022-04-29T22:49:45Z,1
39.94,41,64927.19,156.3,Function-based optimizing protocol,Williamsborough,0,Lithuania,2022-04-29T22:47:10Z,1
69.62,20,50983.75,202.25,Business-focused encompassing neural-net,New Sharon,1,Qatar,2022-04-29T22:46:43Z,0
59.01,30,75265.96,178.75,Focused multimedia implementation,West Annefort,1,Philippines,2022-04-29T22:45:26Z,1
71.83,40,22205.74,135.48,Diverse background ability,Costaburgh,1,Rwanda,2022-04-29T22:42:33Z,1
78.15,33,72042.85,194.37,Ergonomic neutral portal,New Maria,0,Algeria,2022-04-29T22:32:15Z,0
76.84,32,65883.39,231.59,Reduced incremental productivity,Faithview,0,Singapore,2022-04-29T22:31:16Z,0
51.87,50,51869.87,119.65,Team-oriented dynamic forecast,Kevinberg,0,Afghanistan,2022-04-29T22:28:52Z,1
83.91,29,53223.58,222.87,Distributed bifurcated challenge,Haleberg,0,Burundi,2022-04-29T22:27:25Z,0
77.05,31,62161.26,236.64,Upgradable local migration,Hallfort,0,Jamaica,2022-04-29T22:27:25Z,0
47.23,43,73538.09,210.87,Optimized upward-trending productivity,Yangside,1,Svalbard & Jan Mayen Islands,2022-04-29T22:24:02Z,1
64.88,42,70005.51,129.8,Customizable systematic service-desk,West Chloeborough,1,Equatorial Guinea,2022-04-29T22:23:30Z,1
86.41,28,45593.93,207.48,Digitized static capability,Lake Melindamouth,1,Aruba,2022-04-29T22:13:37Z,0
56.56,26,68783.45,204.47,Compatible composite project,Port Jasmine,1,Grenada,2022-04-29T22:11:13Z,0
40.01,53,51463.17,161.77,Sharable multimedia conglomeration,East Brettton,0,Ecuador,2022-04-29T22:06:37Z,1
68.18,21,48376.14,218.17,Switchable 3rdgeneration hub,Sanchezmouth,1,Czech Republic,2022-04-29T22:04:54Z,0
79.53,33,61467.33,236.72,Profound well-modulated array,East Aaron,0,Indonesia,2022-04-29T22:02:14Z,0
75.32,28,59998.5,233.6,Reduced mobile structure,Lake Angela,1,Mauritius,2022-04-29T21:58:55Z,0
55.13,45,55605.92,111.71,Customizable executive software,Lake Conniefurt,0,Ukraine,2022-04-29T21:55:29Z,1
72.97,30,71384.57,208.58,Fundamental modular algorithm,Duffystad,1,Lebanon,2022-04-29T21:49:00Z,1
84.53,27,40763.13,168.34,Stand-alone tangible moderator,Turnerchester,0,Guatemala,2022-04-29T21:48:38Z,1
84.31,29,47139.21,225.87,Object-based optimal solution,West Dannyberg,0,Djibouti,2022-04-29T21:43:22Z,0
68.11,38,73884.48,231.21,Reactive national success,South Meredithmouth,0,Seychelles,2022-04-29T21:21:50Z,0
69.86,25,50506.44,241.36,Triple-buffered foreground encryption,Austinborough,0,New Zealand,2022-04-29T21:17:15Z,0
39.19,54,52581.16,173.05,Stand-alone empowering benchmark,Leahside,0,Guatemala,2022-04-29T21:15:57Z,1
89.34,32,50216.01,177.78,Object-based executive productivity,Wendyton,1,Paraguay,2022-04-29T21:15:54Z,0
56.39,27,38817.4,248.12,Configurable tertiary capability,North Tylerland,1,Bahrain,2022-04-29T21:06:51Z,0
88.91,33,53852.85,208.36,Enhanced dedicated support,Brandonstad,0,Myanmar,2022-04-29T20:59:32Z,0
78.29,38,57844.96,252.07,Networked regional Local Area Network,Villanuevaton,0,Liberia,2022-04-29T20:58:42Z,0
39.36,29,52462.04,161.79,Mandatory disintermediate info-mediaries,Jeremybury,1,Bahamas,2022-04-29T20:58:10Z,1
86.06,32,61601.05,178.92,Focused upward-trending core,North Leonmouth,1,Bulgaria,2022-04-29T20:55:22Z,0
43.16,29,50666.5,143.04,Robust holistic application,Wendyville,1,Saint Vincent and the Grenadines,2022-04-29T20:53:19Z,1
60.83,19,40478.83,185.46,Versatile next generation pricing structure,West Lacey,1,Palestinian Territory,2022-04-29T20:49:27Z,0
84.29,41,60638.38,232.54,Re-contextualized systemic time-frame,Jacksonmouth,0,Niue,2022-04-29T20:47:57Z,0
55.79,24,59550.05,149.67,Pre-emptive content-based focus group,Port Sarahhaven,0,Puerto Rico,2022-04-29T20:47:05Z,1
43.07,36,60583.02,137.63,Monitored zero administration collaboration,East Ericport,1,Turkey,2022-04-29T20:45:46Z,1
45.82,27,64410.8,171.24,Expanded full-range synergy,Adamside,1,Eritrea,2022-04-29T20:43:38Z,1
81.29,28,33239.2,219.72,Synergized well-modulated Graphical User Interface,Lake Michael,0,Mongolia,2022-04-29T20:41:05Z,0
35.55,39,51593.46,151.18,Robust object-oriented Graphic Interface,Westshire,0,Micronesia,2022-04-29T20:38:35Z,1
77.2,33,49325.48,254.05,Persistent homogeneous framework,North Elizabeth,1,Philippines,2022-04-29T20:36:40Z,0
69.47,26,59785.94,236.5,Organic bottom-line service-desk,Davidton,0,San Marino,2022-04-29T20:35:42Z,0
87.16,37,50711.68,231.95,Pre-emptive content-based frame,East Donnatown,1,Western Sahara,2022-04-29T20:33:10Z,0
52.62,50,73863.25,176.52,Enterprise-wide foreground emulation,Port Juan,0,Seychelles,2022-04-29T20:30:35Z,1
79.16,32,69562.46,202.9,Compatible intermediate concept,East Timothy,1,Sri Lanka,2022-04-29T20:23:48Z,0
64.79,30,42251.59,116.07,Visionary mission-critical application,North Virginia,0,Maldives,2022-04-29T20:22:49Z,1
44.13,40,33601.84,128.48,Ameliorated discrete extranet,West Derekmouth,1,Cuba,2022-04-29T20:20:32Z,1
80.87,28,63528.8,203.3,Ameliorated local workforce,Collinsburgh,0,Uruguay,2022-04-29T20:20:25Z,0
68.95,51,74623.27,185.85,Front-line bandwidth-monitored capacity,South Adamhaven,1,United States Virgin Islands,2022-04-29T20:19:20Z,0
47.64,49,45632.51,122.02,Centralized neutral neural-net,West Brandonton,0,Qatar,2022-04-29T20:19:01Z,1
79.18,31,58443.99,236.96,Open-source holistic productivity,Lake Danielle,0,Algeria,2022-04-29T20:18:21Z,0
46.61,42,65856.74,136.18,Progressive intermediate throughput,Catherinefort,0,Ethiopia,2022-04-29T20:17:49Z,1
73.27,32,67113.46,234.75,Streamlined analyzing initiative,Haleview,1,Martinique,2022-04-29T20:16:54Z,0
62.06,40,63493.6,116.27,Digitized radical array,East Rachaelfurt,1,Jersey,2022-04-29T20:10:53Z,1
35.66,36,59240.24,172.57,Implemented uniform synergy,Alvarezland,0,Svalbard & Jan Mayen Islands,2022-04-29T20:09:12Z,1
88.04,45,62589.84,191.17,Profound explicit hardware,Lake Deborahburgh,1,Saint Vincent and the Grenadines,2022-04-29T20:02:51Z,0
36.62,32,51119.93,162.44,Customer-focused solution-oriented software,New Sabrina,1,Poland,2022-04-29T19:59:17Z,1
66.88,35,62790.96,119.47,Polarized bifurcated array,Russellville,1,Indonesia,2022-04-29T19:58:15Z,1
87.23,29,51015.11,202.12,Re-engineered responsive definition,Lake Kevin,0,American Samoa,2022-04-29T19:54:16Z,0
75.81,40,71157.05,229.19,Inverse zero-defect capability,Sanchezland,0,Greenland,2022-04-29T19:50:11Z,0
70.29,26,62053.37,231.37,Vision-oriented multi-tasking success,Shirleyfort,1,Puerto Rico,2022-04-29T19:48:37Z,0
37.75,36,35466.8,225.24,Polarized dynamic throughput,South Daniel,0,Uzbekistan,2022-04-29T19:48:23Z,1
42.51,30,54755.71,144.77,Grass-roots transitional flexibility,Lake Rhondaburgh,1,Palestinian Territory,2022-04-29T19:45:33Z,1
56.16,25,66429.84,164.25,Seamless motivating approach,Millerbury,1,Cote d'Ivoire,2022-04-29T19:43:53Z,1
67.58,41,65044.59,255.61,Focused high-level conglomeration,Ingramberg,1,Mayotte,2022-04-29T19:42:40Z,0
44.46,42,30487.48,132.66,Intuitive zero-defect framework,Christinehaven,1,Mongolia,2022-04-29T19:40:47Z,1
79.97,26,61747.98,185.45,Down-sized explicit budgetary management,Port Maria,1,Nepal,2022-04-29T19:38:45Z,0
68.88,37,78119.5,179.58,Advanced 5thgeneration capability,Port Whitneyhaven,0,Belgium,2022-04-29T19:37:52Z,0
54.47,23,46780.09,141.52,Vision-oriented bifurcated contingency,Holderville,0,Chad,2022-04-29T19:37:46Z,1
77.65,28,66198.66,208.01,Configurable impactful capacity,Pamelamouth,0,Ukraine,2022-04-29T19:35:54Z,0
75.64,29,69718.19,204.82,Pre-emptive well-modulated moderator,West Rhondamouth,1,Iran,2022-04-29T19:35:19Z,0
76.2,37,75044.35,178.51,Multi-layered fresh-thinking process improvement,Karenton,0,Barbados,2022-04-29T19:26:35Z,0
78.7,30,53441.69,133.99,Compatible intangible customer loyalty,Williamstad,0,Turkey,2022-04-29T19:20:51Z,1
55.39,37,23936.86,129.41,Customizable multi-tasking website,West Dylanberg,0,Palestinian Territory,2022-04-29T19:20:41Z,1
41.73,28,61142.33,202.18,Sharable dedicated Graphic Interface,Port Erikhaven,1,Cuba,2022-04-29T19:16:05Z,1
48.22,40,73882.91,214.33,Inverse national core,Turnerville,0,Norfolk Island,2022-04-29T19:14:47Z,0
56.3,49,67430.96,135.24,Fully-configurable high-level implementation,South Meghan,1,New Caledonia,2022-04-29T19:12:51Z,1
84.79,33,61771.9,214.53,Managed eco-centric encoding,New Juan,0,Cameroon,2022-04-29T19:09:50Z,0
79.15,26,62312.23,203.23,Intuitive explicit conglomeration,Port Robin,0,Greenland,2022-04-29T19:09:37Z,0
47.9,42,48467.68,114.53,Cross-group human-resource time-frame,East Jessefort,0,United Kingdom,2022-04-29T19:08:11Z,1
83.86,31,64122.36,190.25,Up-sized executive moderator,Lake Josetown,0,Gibraltar,2022-04-29T19:06:01Z,0
50.19,40,33987.27,117.3,Progressive uniform budgetary management,Lake Stephenborough,0,Thailand,2022-04-29T19:02:35Z,1
62.14,41,59397.89,110.93,Upgradable multi-tasking initiative,North Andrewstad,1,Angola,2022-04-29T18:59:21Z,1
60.72,44,42995.8,105.69,Synergized context-sensitive database,Jacobstad,0,Kuwait,2022-04-29T18:52:44Z,1
77.14,24,60283.98,184.88,Horizontal heuristic synergy,Janiceview,1,Iceland,2022-04-29T18:51:01Z,0
68.6,33,68448.94,135.08,Focused high-level frame,Tammyshire,0,Taiwan,2022-04-29T18:50:57Z,1
37.51,30,52097.32,163.0,Re-contextualized optimal service-desk,Debraburgh,1,Holy See (Vatican City State),2022-04-29T18:46:41Z,1
88.85,40,58363.12,213.96,Cloned optimal leverage,Cannonbury,0,Bulgaria,2022-04-29T18:45:55Z,0
44.73,35,55316.97,127.56,Object-based neutral policy,North Lauraland,1,Guam,2022-04-29T18:25:42Z,1
90.97,37,54520.14,180.77,Multi-lateral empowering throughput,Kimberlytown,0,Congo,2022-04-29T18:21:36Z,0
53.63,54,50333.72,126.29,Front-line zero-defect array,Vanessaview,1,Liberia,2022-04-29T18:13:43Z,1
54.39,20,52563.22,171.9,Digitized content-based circuit,Richardshire,1,Guadeloupe,2022-04-29T18:06:21Z,1
60.23,35,43313.73,106.86,Balanced asynchronous hierarchy,New Brendafurt,0,Kenya,2022-04-29T18:00:43Z,1
56.64,38,61652.53,115.91,Down-sized uniform info-mediaries,Lake Christopherfurt,0,Montserrat,2022-04-29T17:56:52Z,1
78.64,31,60283.47,235.28,Integrated client-server definition,South Renee,1,Nicaragua,2022-04-29T17:56:05Z,0
81.58,41,55479.62,248.16,Cloned explicit middleware,East Sheriville,0,Moldova,2022-04-29T17:55:44Z,0
70.05,33,75560.65,203.44,Diverse directional hardware,North Raymond,0,Croatia,2022-04-29T17:48:31Z,0
61.82,59,57877.15,151.93,Open-architected needs-based customer loyalty,Olsonside,1,Barbados,2022-04-29T17:48:28Z,1
39.25,39,62378.05,152.36,Customer-focused incremental system engine,Michellefort,0,Mayotte,2022-04-29T17:39:06Z,1
68.72,27,66861.67,225.97,Fundamental tangible moratorium,New Taylorburgh,0,Austria,2022-04-29T17:37:46Z,0
65.77,21,42162.9,218.61,Function-based fault-tolerant model,Contrerasshire,1,Eritrea,2022-04-29T17:35:40Z,0
72.92,29,69428.73,217.1,Customizable mission-critical adapter,Port Melissastad,1,Czech Republic,2022-04-29T17:33:15Z,0
48.86,54,53188.69,134.46,Proactive encompassing paradigm,Perryburgh,0,French Guiana,2022-04-29T17:33:03Z,1
51.63,51,42415.72,120.37,Expanded intangible solution,South Jessica,1,Mongolia,2022-04-29T17:24:57Z,1
75.42,26,63373.7,164.25,Optional regional throughput,Millertown,1,Western Sahara,2022-04-29T17:14:14Z,0
88.72,32,43870.51,211.87,Customer-focused system-worthy superstructure,East John,1,Zambia,2022-04-29T17:10:05Z,0
85.37,36,66262.59,194.56,Front-line system-worthy flexibility,Alexandrafort,1,Netherlands Antilles,2022-04-29T17:08:19Z,0
58.21,37,47575.44,105.94,Open-source global strategy,Pattymouth,0,Djibouti,2022-04-29T17:06:35Z,1
77.63,29,56113.37,239.22,Upgradable asynchronous circuit,Port Gregory,0,Azerbaijan,2022-04-29T17:05:15Z,0
52.13,50,40926.93,118.27,Open-source even-keeled database,West Raymondmouth,1,Ethiopia,2022-04-29T17:03:54Z,1
50.78,51,49957.0,122.04,Vision-oriented asynchronous Internet solution,West David,0,Liberia,2022-04-29T17:02:07Z,1
84.95,34,56379.3,230.36,Mandatory dedicated data-warehouse,Lake Brian,0,Madagascar,2022-04-29T17:01:01Z,0
86.81,29,50820.74,199.62,Multi-channeled scalable moratorium,Joshuaburgh,1,Turkmenistan,2022-04-29T16:57:59Z,0
42.04,49,67323.0,182.11,Organic logistical adapter,New Christinatown,0,Qatar,2022-04-29T16:54:33Z,1
74.59,23,40135.06,158.35,Phased clear-thinking encoding,Lake Gerald,1,United States Virgin Islands,2022-04-29T16:52:04Z,1
68.1,40,74903.41,227.73,Reactive composite project,Thomasstad,1,Honduras,2022-04-29T16:50:58Z,0
55.74,37,26130.93,124.34,Networked asymmetric infrastructure,Lake Michelle,1,Hong Kong,2022-04-29T16:45:41Z,1
39.5,31,49911.25,148.19,Operative multi-tasking Graphic Interface,West Brad,1,Micronesia,2022-04-29T16:42:36Z,1
69.74,49,66524.8,243.37,Enhanced maximized access,Birdshire,0,Hungary,2022-04-29T16:41:29Z,0
78.68,29,66225.72,208.05,Inverse high-level capability,Leonchester,0,Israel,2022-04-29T16:40:30Z,0
79.54,44,70492.6,217.68,Centralized multi-state hierarchy,Sandraland,1,Cambodia,2022-04-29T16:34:31Z,0
64.67,51,24316.61,138.35,Horizontal incremental website,Andersonfurt,1,Togo,2022-04-29T16:33:29Z,1
75.24,24,52252.91,226.49,Vision-oriented next generation solution,South Christopher,0,Vanuatu,2022-04-29T16:33:24Z,0
76.58,46,41884.64,258.26,Secured 24hour policy,West Sydney,0,Uzbekistan,2022-04-29T16:30:51Z,0
74.84,37,64775.1,246.44,User-friendly impactful time-frame,Knappburgh,1,Mongolia,2022-04-29T16:30:38Z,0
45.11,58,39799.73,195.69,Sharable reciprocal project,Browntown,0,Netherlands,2022-04-29T16:26:44Z,1
68.25,29,70324.8,220.08,Phased fault-tolerant definition,Wagnerchester,0,Greenland,2022-04-29T16:18:49Z,0
74.54,24,57518.73,219.75,Switchable secondary ability,Alexisland,0,Bahamas,2022-04-29T16:15:59Z,0
74.49,28,58996.12,237.34,Persevering eco-centric flexibility,Lake Adrian,0,Peru,2022-04-29T16:15:29Z,0
78.11,27,63296.87,209.25,Progressive analyzing attitude,East Shawnchester,1,Moldova,2022-04-29T16:10:04Z,0
72.82,34,75769.82,191.82,User-centric discrete success,Jonesmouth,1,Czech Republic,2022-04-29T16:06:05Z,0
65.8,25,60843.32,231.49,Expanded radical software,Clineshire,1,Gabon,2022-04-29T16:04:59Z,0
51.24,36,76368.31,176.73,Versatile transitional monitoring,Timothyfurt,0,Cuba,2022-04-29T16:01:40Z,1
89.0,37,52079.18,222.26,Devolved regional moderator,Jordanmouth,1,Cyprus,2022-04-29T15:56:55Z,0
82.7,35,61383.79,231.07,Visionary multi-tasking alliance,Amyfurt,0,Somalia,2022-04-29T15:49:28Z,0
70.79,31,74535.94,184.1,Distributed tertiary system engine,Sharpberg,0,Bouvet Island (Bouvetoya),2022-04-29T15:49:14Z,0
60.39,45,38987.42,108.25,Front-line methodical utilization,Port Christina,1,Switzerland,2022-04-29T15:39:02Z,1
69.35,29,53431.35,252.77,Seamless 4thgeneration contingency,Ianmouth,1,Argentina,2022-04-29T15:37:36Z,0
41.86,39,53041.77,128.62,Open-source stable paradigm,Hawkinsbury,1,Ethiopia,2022-04-29T15:28:07Z,1
43.41,28,59144.02,160.73,Customer-focused zero-defect process improvement,Lovemouth,0,Egypt,2022-04-29T15:26:37Z,1
42.44,56,43450.11,168.27,Profit-focused attitude-oriented task-force,Petersonfurt,0,Tajikistan,2022-04-29T15:23:17Z,1
57.64,36,37212.54,110.25,Robust web-enabled attitude,North Maryland,1,Chile,2022-04-29T15:18:01Z,1
60.53,24,66873.9,167.22,Organic interactive support,Combsstad,0,Serbia,2022-04-29T15:17:39Z,1
89.66,34,52802.58,171.23,Advanced didactic conglomeration,Nicholasport,1,Armenia,2022-04-29T15:15:42Z,0
36.56,29,42838.29,195.89,Team-oriented bi-directional secured line,West Ryan,0,Uganda,2022-04-29T15:14:24Z,1
75.83,24,58019.64,162.44,Diverse stable circuit,Walshhaven,0,Nauru,2022-04-29T15:10:31Z,0
50.63,50,25767.16,142.23,Operative full-range forecast,Tammymouth,0,Luxembourg,2022-04-29T15:07:44Z,1
45.99,33,51163.14,124.61,Face-to-face methodical intranet,South Mark,1,Afghanistan,2022-04-29T15:04:52Z,1
44.15,28,48867.67,141.96,Proactive secondary monitoring,Salazarbury,1,Martinique,2022-04-29T15:03:25Z,1
50.52,31,72270.88,171.62,Function-based stable alliance,Lake Allenville,0,New Caledonia,2022-04-29T15:02:13Z,1
74.02,32,72272.9,210.54,Operative system-worthy protocol,Johnstad,0,Micronesia,2022-04-29T14:57:11Z,0
86.38,40,66359.32,188.27,Cross-platform 4thgeneration focus group,Rhondaborough,1,Singapore,2022-04-29T14:57:00Z,0
82.58,38,65496.78,225.23,Open-architected zero administration secured line,West Samantha,1,Dominica,2022-04-29T14:50:56Z,0
72.08,29,71228.44,169.5,Stand-alone national attitude,Smithburgh,0,Burundi,2022-04-29T14:45:33Z,0
45.17,48,34418.09,132.07,Down-sized background groupware,Taylormouth,1,Palau,2022-04-29T14:41:10Z,1
77.8,57,43708.88,152.94,Virtual executive implementation,Destinyfurt,0,Namibia,2022-04-29T14:38:01Z,1
40.17,26,47391.95,171.31,Visionary asymmetric encryption,South Lauratown,1,Japan,2022-04-29T14:37:34Z,1
70.29,31,56974.51,254.65,Balanced responsive open system,New Frankshire,1,Norfolk Island,2022-04-29T14:36:55Z,0
83.26,40,70225.6,187.76,Decentralized foreground infrastructure,Alanview,1,Tonga,2022-04-29T14:36:03Z,0
76.83,28,67990.84,192.81,Quality-focused 5thgeneration orchestration,Wintersfort,0,Ecuador,2022-04-29T14:33:38Z,0
55.77,49,55942.04,117.33,Fully-configurable high-level groupware,East Shawn,1,Chile,2022-04-29T14:33:12Z,1
80.23,31,68094.85,196.23,Secured clear-thinking middleware,South Daniellefort,0,Qatar,2022-04-29T14:23:45Z,0
81.99,33,61270.14,230.9,Inverse bi-directional knowledge user,Taylorport,0,French Polynesia,2022-04-29T14:13:47Z,0
61.57,53,35253.98,125.94,Progressive 24hour forecast,Bradyfurt,1,Bulgaria,2022-04-29T14:13:05Z,1
83.42,25,49850.52,183.42,Advanced heuristic firmware,East Toddfort,1,Austria,2022-04-29T14:10:12Z,0
43.63,41,51662.24,123.25,Exclusive zero tolerance frame,Jordanshire,1,Albania,2022-04-29T14:06:17Z,1
39.76,28,35350.55,196.83,Integrated maximized service-desk,Pottermouth,1,Liberia,2022-04-29T14:02:22Z,1
55.6,23,30227.98,212.58,Multi-layered 4thgeneration knowledge user,Port Cassie,0,Senegal,2022-04-29T14:00:09Z,1
51.56,46,63102.19,124.85,Business-focused client-driven forecast,Helenborough,0,Australia,2022-04-29T13:58:51Z,1
65.72,36,28275.48,120.12,Managed didactic flexibility,Kimberlymouth,0,Saint Pierre and Miquelon,2022-04-29T13:57:53Z,1
39.86,28,51171.23,161.24,Ergonomic zero tolerance encoding,East Sharon,0,Ghana,2022-04-29T13:55:48Z,1
85.54,27,48761.14,175.43,Right-sized solution-oriented benchmark,Gilbertville,1,Tokelau,2022-04-29T13:54:51Z,0
69.5,26,68348.99,203.84,Front-line systemic capability,Tranland,0,Pakistan,2022-04-29T13:51:44Z,0
74.38,40,74024.61,220.05,Enhanced zero tolerance Graphic Interface,East Graceland,1,Indonesia,2022-04-29T13:50:25Z,0
83.48,31,59340.99,222.72,Intuitive zero administration adapter,Williamport,1,Philippines,2022-04-29T13:47:47Z,0
73.94,27,68333.01,173.49,Function-based incremental standardization,North Alexandra,0,Myanmar,2022-04-29T13:46:35Z,0
67.39,44,51257.26,107.19,Realigned intermediate application,Josephberg,0,Armenia,2022-04-29T13:41:38Z,1
46.31,57,44248.52,153.98,Front-line fault-tolerant intranet,Bernardton,1,Jamaica,2022-04-29T13:37:53Z,1
77.65,27,63274.88,212.79,Horizontal client-driven hierarchy,South Ronald,0,Papua New Guinea,2022-04-29T13:30:32Z,0
78.51,25,59106.12,205.71,Focused web-enabled Graphical User Interface,Riggsstad,1,Greece,2022-04-29T13:27:13Z,0
60.75,42,69775.75,247.05,Fully-configurable systemic productivity,Garrettborough,1,Guyana,2022-04-29T13:26:24Z,0
80.47,25,57519.64,204.86,Reduced global support,Jamesberg,0,Niger,2022-04-29T13:26:22Z,0
81.22,53,34309.24,223.09,Networked coherent interface,Port Jason,1,San Marino,2022-04-29T13:25:21Z,0
84.59,35,60015.57,226.54,Streamlined non-volatile analyzer,Lake Nicole,1,Cameroon,2022-04-29T13:22:35Z,0
81.03,28,63727.5,201.15,Persevering tertiary capability,Masonhaven,0,Venezuela,2022-04-29T13:20:01Z,0
37.68,52,53575.48,172.83,Organic leadingedge secured line,Lake Cassandraport,1,Turkmenistan,2022-04-29T13:16:33Z,1
56.57,26,56435.6,131.98,Multi-channeled non-volatile website,West Ericaport,0,Senegal,2022-04-29T13:14:18Z,1
78.79,32,68324.48,215.29,Stand-alone background open system,Mauriceshire,1,Uruguay,2022-04-29T13:11:08Z,0
35.11,35,47638.3,158.03,Extended analyzing emulation,North Jonathan,1,Anguilla,2022-04-29T13:07:30Z,1
62.12,37,50671.6,105.86,Re-engineered intangible software,Johnsonview,1,Liechtenstein,2022-04-29T13:00:12Z,1
65.56,25,69646.35,181.25,Stand-alone explicit orchestration,West Arielstad,1,Somalia,2022-04-29T12:59:07Z,0
70.09,21,54725.87,211.17,Automated full-range Internet solution,East Benjaminville,0,Belarus,2022-04-29T12:58:14Z,0
63.37,43,43155.19,105.04,Open-architected full-range projection,Michaelshire,1,Poland,2022-04-29T12:53:23Z,1
71.27,21,50147.72,216.03,Quality-focused bi-directional throughput,South Blakestad,1,Senegal,2022-04-29T12:46:31Z,0
79.22,27,63429.18,198.79,Intuitive modular system engine,North Debra,1,Belgium,2022-04-29T12:39:19Z,0
76.02,22,46179.97,209.82,Business-focused value-added definition,West Guybury,0,Bouvet Island (Bouvetoya),2022-04-29T12:38:16Z,0
85.23,36,64238.71,212.92,Visionary client-driven installation,Paulhaven,1,Senegal,2022-04-29T12:34:19Z,0
72.01,31,57756.89,251.0,Horizontal multi-state interface,West Michaelhaven,0,Angola,2022-04-29T12:31:57Z,0
44.96,50,52802.0,132.71,Focused fresh-thinking Graphic Interface,South Peter,1,Heard Island and McDonald Islands,2022-04-29T12:25:36Z,1
81.37,26,53049.44,156.48,Business-focused responsive website,Lake Jacqueline,1,Kyrgyz Republic,2022-04-29T12:25:28Z,0
73.19,25,64267.88,203.74,Cloned incremental matrices,North Ronaldshire,1,Pakistan,2022-04-29T12:18:13Z,0
77.35,34,72330.57,167.26,Total bi-directional success,East Troyhaven,0,Yemen,2022-04-29T12:10:08Z,0
75.94,27,53042.51,236.96,Future-proofed stable function,Campbellstad,1,Italy,2022-04-29T12:05:45Z,0
63.18,45,39211.49,107.92,Reactive upward-trending migration,Hansenland,0,Georgia,2022-04-29T12:03:41Z,1
71.23,52,41521.28,122.59,Self-enabling zero administration neural-net,Ericksonmouth,0,Sweden,2022-04-29T11:53:17Z,1
36.87,36,29398.61,195.91,Self-enabling incremental collaboration,New Rebecca,0,Anguilla,2022-04-29T11:50:40Z,1
87.16,33,60805.93,197.15,Reduced holistic help-desk,Blairville,0,China,2022-04-29T11:50:26Z,0
83.97,40,66291.67,158.42,Progressive asynchronous adapter,West Lisa,1,Croatia,2022-04-29T11:49:18Z,0
65.19,36,75254.88,150.61,Cross-group regional website,Garciaside,0,Israel,2022-04-29T11:42:00Z,1
73.49,38,67132.46,244.23,Organic 3rdgeneration encryption,Mosleyburgh,0,Vanuatu,2022-04-29T11:36:08Z,0
69.17,40,66193.81,123.62,Extended leadingedge solution,New Patrick,0,Montenegro,2022-04-29T11:36:06Z,1
75.74,25,61005.87,215.25,Ergonomic multi-state structure,New Sheila,1,Tunisia,2022-04-29T11:35:01Z,0
51.5,34,67050.16,135.31,Configurable dynamic adapter,East Vincentstad,0,Zambia,2022-04-29T11:25:48Z,1
85.35,37,64235.51,161.42,Exclusive multi-state Internet solution,Claytonside,1,Ecuador,2022-04-29T11:15:31Z,0
57.2,42,57739.03,110.66,Innovative maximized groupware,East Heatherside,0,New Zealand,2022-04-29T11:09:36Z,1
42.84,52,27073.27,182.2,Enhanced optimizing website,Lake Michellebury,1,Tunisia,2022-04-29T11:02:49Z,1
81.46,29,51636.12,231.54,Intuitive fresh-thinking moderator,Sellerstown,0,Ireland,2022-04-29T11:00:06Z,0
56.66,42,72684.44,139.42,Upgradable asymmetric emulation,Lake Jesus,0,Dominican Republic,2022-04-29T10:52:51Z,1
48.53,28,38067.08,134.14,Ameliorated client-driven forecast,West Jeremyside,1,Tuvalu,2022-04-29T10:46:14Z,1
87.98,38,56637.59,222.11,Focused scalable complexity,West Roytown,1,Cambodia,2022-04-29T10:44:46Z,0
82.12,52,28679.93,201.15,Fully-configurable client-driven customer loyalty,East Dana,1,Germany,2022-04-29T10:40:27Z,1
76.56,30,68030.18,213.75,Business-focused high-level hardware,Greentown,0,Brunei Darussalam,2022-04-29T10:39:16Z,0
58.05,32,15879.1,195.54,Total asynchronous architecture,Sanderstown,1,Tajikistan,2022-04-29T10:39:10Z,1
82.79,32,54429.17,234.81,Distributed fault-tolerant service-desk,Lake Zacharyfurt,1,Brunei Darussalam,2022-04-29T10:36:43Z,0
75.83,27,67516.07,200.59,Managed upward-trending instruction set,East Brianberg,0,Estonia,2022-04-29T10:13:48Z,0
84.54,33,64902.47,204.02,Synchronized stable complexity,North Tracyport,1,Moldova,2022-04-29T10:07:43Z,0
43.49,47,50335.46,127.83,User-centric intangible task-force,Guzmanland,0,Belize,2022-04-29T10:07:29Z,1
56.39,58,32252.38,154.23,Programmable uniform website,West Shannon,0,Australia,2022-04-29T10:06:49Z,1
77.07,40,44559.43,261.02,Face-to-face analyzing encryption,Stephenborough,0,Afghanistan,2022-04-29T10:01:35Z,0
75.71,34,62109.8,246.06,Phased hybrid intranet,Barbershire,0,Portugal,2022-04-29T10:01:23Z,0
90.75,40,45945.88,216.5,Decentralized methodical capability,Lake Joseph,0,Togo,2022-04-29T09:58:32Z,0
74.27,37,65180.97,247.05,Monitored executive architecture,Andrewmouth,1,Burkina Faso,2022-04-29T09:57:34Z,0
67.05,25,65421.39,220.92,Realigned scalable standardization,Richardsontown,0,Finland,2022-04-29T09:54:33Z,0
78.67,26,63319.99,195.56,Proactive 5thgeneration frame,Lake Michaelport,0,Cambodia,2022-04-29T09:54:06Z,0
43.97,36,68863.95,156.97,User-friendly grid-enabled analyzer,Boyerberg,1,Indonesia,2022-04-29T09:54:03Z,1
87.29,36,61628.72,209.93,Future-proofed methodical protocol,Pamelamouth,1,Korea,2022-04-29T09:43:43Z,0
61.22,45,63883.81,119.03,Streamlined logistical secured line,South Adam,1,Switzerland,2022-04-29T09:42:22Z,1
49.99,41,61068.26,121.07,Profound bottom-line standardization,New Charleschester,0,Romania,2022-04-29T09:34:00Z,1
79.51,39,34942.26,125.11,Proactive non-volatile encryption,North Charlesbury,1,Brunei Darussalam,2022-04-29T09:33:46Z,1
44.33,37,52723.34,123.72,Visionary maximized process improvement,Hamiltonfort,1,Trinidad and Tobago,2022-04-29T09:32:26Z,1
42.95,33,30976.0,143.56,Grass-roots coherent extranet,West William,0,Barbados,2022-04-29T09:31:49Z,1
33.33,45,53350.11,193.58,Pre-emptive value-added workforce,East Samanthashire,1,Guinea-Bissau,2022-04-29T09:31:36Z,1
54.96,42,59419.78,113.75,Public-key disintermediate emulation,West Amanda,1,Niger,2022-04-29T09:31:31Z,1
81.21,36,63394.41,233.04,User-friendly content-based customer loyalty,South Jaimeview,0,Turkmenistan,2022-04-29T09:30:11Z,0
44.33,41,43386.07,120.63,Ergonomic empowering frame,Estradashire,0,Guyana,2022-04-29T09:27:59Z,1
70.58,26,56694.12,136.94,Proactive next generation knowledge user,Lake David,0,Algeria,2022-04-29T09:18:48Z,1
41.16,49,59448.44,150.83,Configurable interactive contingency,Hendrixmouth,1,Venezuela,2022-04-29T09:15:58Z,1
49.95,39,68737.75,136.59,Cloned object-oriented benchmark,Millerbury,0,Turkmenistan,2022-04-29T09:12:52Z,1
53.68,47,56180.93,115.26,Operative stable moderator,New Michael,1,Micronesia,2022-04-29T09:11:27Z,1
44.57,31,38349.78,133.17,Adaptive context-sensitive application,Joneston,1,China,2022-04-29T09:11:10Z,1
55.32,43,67682.32,127.65,Managed 24hour analyzer,Port Douglasborough,0,Netherlands,2022-04-29T09:08:39Z,1
46.13,31,60248.97,139.01,Customer-focused optimizing moderator,Davidmouth,0,Bouvet Island (Bouvetoya),2022-04-29T09:00:55Z,1
59.21,35,73347.67,144.62,Managed disintermediate matrices,Lake Beckyburgh,1,Liechtenstein,2022-04-29T08:55:26Z,1
57.51,38,47682.28,105.71,Re-engineered zero-defect open architecture,Jeffreymouth,0,Moldova,2022-04-29T08:53:43Z,1
46.88,54,43444.86,136.64,Virtual scalable secured line,Port Melissaberg,0,Singapore,2022-04-29T08:53:37Z,1
56.64,29,55984.89,123.24,Versatile 6thgeneration parallelism,Lake John,1,Zimbabwe,2022-04-29T08:52:50Z,1
66.14,41,78092.95,165.27,Re-engineered impactful software,North Isabellaville,0,Western Sahara,2022-04-29T08:52:31Z,0
52.7,41,41059.64,109.34,Team-oriented high-level orchestration,New Matthew,1,Zambia,2022-04-29T08:50:38Z,1
81.67,28,62927.96,196.76,Visionary analyzing structure,North Christopher,1,Mauritania,2022-04-29T08:48:29Z,0
35.61,46,51868.85,158.22,Up-sized secondary software,North Michael,0,Egypt,2022-04-29T08:46:26Z,1
57.99,50,62466.1,124.58,Innovative homogeneous alliance,New Angelview,0,Costa Rica,2022-04-29T08:46:15Z,1
66.18,35,69476.42,243.61,Proactive asymmetric definition,New Johnberg,0,Pitcairn Islands,2022-04-29T08:40:15Z,0
45.08,38,35349.26,125.27,Synergized clear-thinking protocol,Fosterside,0,Liberia,2022-04-29T08:32:37Z,1
78.77,28,63497.62,211.83,Public-key intangible Graphical User Interface,Gomezport,0,Guam,2022-04-29T08:27:06Z,0
59.96,33,77143.61,197.66,Expanded modular application,Staceyfort,0,Samoa,2022-04-29T08:27:04Z,1
73.57,30,70377.23,212.38,Pre-emptive transitional protocol,North Stephanieberg,0,Uruguay,2022-04-29T08:22:50Z,0
86.76,28,48679.54,189.91,Object-based leadingedge complexity,Lawrenceborough,0,Syrian Arab Republic,2022-04-29T08:21:13Z,0
63.99,43,72802.42,138.46,Ameliorated bandwidth-monitored contingency,North Cassie,0,Haiti,2022-04-29T08:18:12Z,1
80.53,29,66345.1,187.64,Sharable upward-trending support,West Benjamin,0,Singapore,2022-04-29T08:13:24Z,0
78.76,24,46422.76,219.98,Reactive interactive protocol,Joanntown,1,Austria,2022-04-29T08:08:47Z,0
56.04,49,65120.86,128.95,Decentralized real-time circuit,West Ricardo,1,Netherlands,2022-04-29T08:02:31Z,1
73.41,31,73049.3,201.26,Profound executive flexibility,Hollyfurt,1,Guam,2022-04-29T08:01:40Z,0
87.85,34,51816.27,153.01,Digitized interactive initiative,Meyerchester,0,Turkmenistan,2022-04-29T08:00:58Z,0
40.42,45,40183.75,133.9,Stand-alone reciprocal synergy,Lisamouth,1,Norway,2022-04-29T07:59:37Z,1
56.14,38,32689.04,113.53,Devolved tangible approach,Lake Edward,1,Ireland,2022-04-29T07:59:16Z,1
76.28,33,52686.47,254.34,Right-sized asynchronous website,Port Aliciabury,0,Guadeloupe,2022-04-29T07:55:10Z,0
54.7,36,31087.54,118.39,Grass-roots solution-oriented conglomeration,Jessicastad,1,British Indian Ocean Territory (Chagos Archipelago),2022-04-29T07:53:55Z,1
73.1,28,57014.84,242.37,Universal asymmetric archive,Jeffreyshire,0,Israel,2022-04-29T07:52:53Z,0
77.22,30,64802.33,224.44,Object-based reciprocal knowledgebase,Port Jacqueline,1,Cameroon,2022-04-29T07:52:48Z,0
84.73,30,39840.55,153.76,Synchronized leadingedge help-desk,Aliciatown,0,Canada,2022-04-29T07:42:48Z,1
75.84,21,48537.18,186.98,Reactive bi-directional workforce,Hayesmouth,0,Cyprus,2022-04-29T07:41:06Z,0
43.77,52,49030.03,138.55,Synergized hybrid time-frame,Kyleborough,1,Portugal,2022-04-29T07:39:41Z,1
34.04,34,40182.84,174.88,Reverse-engineered context-sensitive emulation,Elizabethport,1,El Salvador,2022-04-29T07:37:28Z,1
62.31,47,62722.57,119.3,Team-oriented encompassing portal,Amandahaven,0,Turkey,2022-04-29T07:36:58Z,1
43.6,38,20856.54,170.49,Virtual bandwidth-monitored initiative,North Ricardotown,0,Chile,2022-04-29T07:36:22Z,1
72.55,22,58953.01,202.34,Balanced empowering success,New Cynthia,0,Bosnia and Herzegovina,2022-04-29T07:33:22Z,0
60.94,41,76893.84,154.97,Fundamental fault-tolerant neural-net,Garciaview,0,Latvia,2022-04-29T07:30:24Z,1
75.55,22,41851.38,169.4,Upgradable even-keeled challenge,New Amanda,0,Taiwan,2022-04-29T07:29:30Z,1
66.89,23,64433.99,208.24,Universal incremental array,Sandersland,1,Honduras,2022-04-29T07:28:43Z,0
87.3,35,58337.18,216.87,Triple-buffered regional toolset,North Loriburgh,0,Estonia,2022-04-29T07:28:16Z,0
66.12,49,39031.89,113.8,Stand-alone motivating moratorium,South Alexisborough,0,Cote d'Ivoire,2022-04-29T07:27:41Z,1
49.84,39,45800.48,111.59,Reduced multimedia project,Hannaport,0,Samoa,2022-04-29T07:21:25Z,1
71.03,55,28186.65,150.77,Programmable didactic capacity,Port Georgebury,0,China,2022-04-29T07:18:36Z,1
61.72,26,67279.06,218.49,Grass-roots systematic hardware,Port Daniel,0,Venezuela,2022-04-29T07:15:37Z,0
73.15,25,64631.22,211.12,Face-to-face executive encryption,Lake Patrick,1,Libyan Arab Jamahiriya,2022-04-29T07:14:04Z,0
65.07,24,57545.56,233.85,Multi-lateral multi-state encryption,Port Raymondfort,0,Mali,2022-04-29T07:13:53Z,0
36.91,48,54645.2,159.69,Ameliorated coherent open architecture,North Samantha,0,Zimbabwe,2022-04-29T07:13:00Z,1
67.47,24,60514.05,225.05,Multi-tiered heuristic strategy,Watsonfort,1,Vanuatu,2022-04-29T07:12:52Z,0
58.6,50,45400.5,113.7,Organic asynchronous hierarchy,Rogerburgh,0,Samoa,2022-04-29T07:10:29Z,1
80.38,30,55130.96,238.06,Business-focused holistic benchmark,Port Anthony,0,Albania,2022-04-29T07:07:31Z,0
88.12,38,46653.75,230.91,Realigned next generation projection,Hurleyborough,0,Gibraltar,2022-04-29T07:05:57Z,0
91.15,38,36834.04,184.98,Robust uniform framework,Joshuamouth,0,Cyprus,2022-04-29T07:04:05Z,0
89.71,48,51501.38,204.4,Versatile local forecast,Sarafurt,1,Bahrain,2022-04-29T07:00:38Z,0
71.33,23,31072.44,169.4,Optimized attitude-oriented initiative,Josephmouth,0,Japan,2022-04-29T06:54:21Z,1
72.04,22,60309.58,199.43,Realigned systematic function,Hernandezfort,0,Rwanda,2022-04-29T06:52:07Z,0
44.64,36,55787.58,127.01,Up-sized incremental encryption,Codyburgh,0,Belize,2022-04-29T06:51:43Z,1
87.27,30,51824.01,204.27,Fully-configurable 5thgeneration circuit,West Melissashire,1,Christmas Island,2022-04-29T06:51:23Z,1
38.93,39,27508.41,162.08,Intuitive exuding service-desk,Millerchester,0,Liberia,2022-04-29T06:49:10Z,1
71.0,22,56067.38,211.87,Extended systemic policy,Andersonton,0,Eritrea,2022-04-29T06:46:14Z,0
43.67,31,25686.34,166.29,Automated directional function,New Theresa,1,Antarctica (the territory South of 60 deg S),2022-04-29T06:41:44Z,1
65.59,47,28265.81,121.81,Digitized disintermediate ability,Brandymouth,0,Indonesia,2022-04-29T06:41:38Z,1
58.18,25,69112.84,176.28,Polarized analyzing concept,Tinachester,1,New Zealand,2022-04-29T06:37:56Z,0
73.88,29,63109.74,233.61,Digitized zero-defect implementation,Kennethview,0,Saint Helena,2022-04-29T06:37:15Z,0
35.21,39,52340.1,154.0,Advanced disintermediate data-warehouse,New Timothy,1,United States Minor Outlying Islands,2022-04-29T06:36:53Z,1
37.0,48,36782.38,158.22,Function-based context-sensitive secured line,Jonathantown,1,Kenya,2022-04-29T06:36:52Z,1
76.2,24,47258.59,228.81,Optimized coherent Internet solution,Lake Susan,1,Japan,2022-04-29T06:35:08Z,0
76.44,26,58820.16,224.2,Distributed intangible database,Troyville,1,Madagascar,2022-04-29T06:34:20Z,0
36.98,31,39552.49,167.87,Fully-configurable clear-thinking throughput,Micheletown,1,Northern Mariana Islands,2022-04-29T06:25:47Z,1
37.65,51,50457.01,161.29,Automated stable help-desk,Davidview,1,Bahrain,2022-04-29T06:22:03Z,1
85.26,32,55424.24,224.07,Reverse-engineered dynamic function,Lisafort,1,Netherlands Antilles,2022-04-29T06:18:11Z,0
52.17,44,57594.7,115.37,Optional modular throughput,New Julianberg,1,Equatorial Guinea,2022-04-29T06:17:18Z,1
78.19,30,62475.99,228.81,Triple-buffered needs-based Local Area Network,Mollyport,0,Libyan Arab Jamahiriya,2022-04-29T06:14:10Z,0
75.55,36,31998.72,123.71,Decentralized attitude-oriented interface,South Davidmouth,1,Bosnia and Herzegovina,2022-04-29T06:05:12Z,1
72.45,29,72325.91,195.36,Centralized 24hour synergy,Robertmouth,1,Svalbard & Jan Mayen Islands,2022-04-29T06:02:27Z,0
77.36,41,49597.08,115.79,Fully-configurable asynchronous firmware,Port Jennifer,0,El Salvador,2022-04-29T06:00:16Z,1
46.77,32,31092.93,136.4,Multi-tiered maximized archive,Reneechester,1,Serbia,2022-04-29T06:00:15Z,1
80.05,25,45959.86,219.94,Networked stable open architecture,Lindaside,1,Christmas Island,2022-04-29T05:48:20Z,0
37.05,39,49742.83,142.81,Automated object-oriented firmware,Tracyhaven,1,Antigua and Barbuda,2022-04-29T05:47:09Z,1
46.13,46,37838.72,123.64,Horizontal hybrid challenge,New Rachel,1,Guyana,2022-04-29T05:44:56Z,1
43.83,45,35684.82,129.01,Total human-resource flexibility,Greerport,0,Saudi Arabia,2022-04-29T05:39:16Z,1
87.97,35,48918.55,149.25,Secured secondary superstructure,Port Brianfort,1,France,2022-04-29T05:38:01Z,0
73.71,23,56605.12,211.38,Inverse local hub,New Sheila,1,El Salvador,2022-04-29T05:35:54Z,0
50.08,30,41629.86,123.91,Sharable grid-enabled matrix,West Ericfurt,0,Fiji,2022-04-29T05:34:33Z,1
80.94,36,60803.0,239.94,Self-enabling local strategy,North Tiffany,0,Bermuda,2022-04-29T05:31:22Z,0
40.34,29,32549.95,173.75,Object-based motivating instruction set,Clarkborough,0,Tokelau,2022-04-29T05:29:38Z,1
65.82,39,76435.3,221.94,Reactive demand-driven capacity,Kellytown,0,Ukraine,2022-04-29T05:28:18Z,0
83.69,36,68717.0,192.57,Robust context-sensitive neural-net,Shelbyport,0,Fiji,2022-04-29T05:27:35Z,0
80.47,42,70505.06,215.18,Grass-roots multimedia policy,East Jennifer,1,Mali,2022-04-29T05:23:28Z,0
67.56,47,50628.31,109.98,Reduced background data-warehouse,Zacharyton,0,Paraguay,2022-04-29T05:20:19Z,1
81.32,25,52416.18,165.65,Pre-emptive next generation Internet solution,Daisymouth,0,Moldova,2022-04-29T05:12:57Z,0
87.18,31,58287.86,193.6,Right-sized logistical middleware,West Andrew,0,Madagascar,2022-04-29T05:12:44Z,0
59.88,30,75535.14,193.63,Reverse-engineered content-based intranet,West Michaelstad,1,French Polynesia,2022-04-29T05:11:01Z,0
82.72,31,65704.79,179.82,Cross-group global orchestration,North Monicaville,0,Belarus,2022-04-29T05:07:11Z,0
76.49,23,56457.01,181.11,Public-key asynchronous matrix,Sherrishire,0,Brazil,2022-04-29T05:05:27Z,0
74.65,28,67669.06,212.56,Robust transitional ability,East Timothy,0,French Southern Territories,2022-04-29T05:00:12Z,0
50.33,50,62657.53,133.2,Sharable analyzing alliance,South Lauraton,1,Micronesia,2022-04-29T04:57:51Z,1
89.8,36,57330.43,198.24,User-centric attitude-oriented adapter,West Tanner,0,Lesotho,2022-04-29T04:57:50Z,0
70.66,43,63450.96,120.95,Versatile scalable encryption,Lake Craigview,1,Mauritius,2022-04-29T04:57:14Z,1
56.7,48,62784.85,123.13,Progressive non-volatile neural-net,Port Crystal,0,France,2022-04-29T04:53:22Z,1
79.36,33,62330.75,234.72,Cross-platform directional intranet,East Susanland,1,Gambia,2022-04-29T04:50:44Z,0
78.37,24,55015.08,207.27,Quality-focused zero-defect budgetary management,Pearsonfort,0,Pakistan,2022-04-29T04:47:37Z,0
74.58,40,23821.72,135.51,Advanced 24/7 productivity,Millertown,1,Russian Federation,2022-04-29T04:43:07Z,1
35.25,50,47051.02,194.44,Intuitive global website,Waltertown,0,Iran,2022-04-29T04:39:47Z,1
73.3,36,68211.35,135.72,Adaptive asynchronous attitude,West Tanya,1,Hungary,2022-04-29T04:38:41Z,1
69.0,32,72683.35,221.21,Virtual composite model,Port Susan,1,Trinidad and Tobago,2022-04-29T04:37:34Z,0
53.33,34,44275.13,111.63,Configurable impactful productivity,Courtneyfort,1,Andorra,2022-04-29T04:34:35Z,1
75.8,36,71222.4,224.9,Multi-layered fresh-thinking neural-net,East Michaelland,0,Belize,2022-04-29T04:30:43Z,0
41.89,38,68519.96,163.38,Compatible systemic function,Hartmanchester,0,Cyprus,2022-04-29T04:21:14Z,1
49.81,35,57009.76,120.06,Seamless real-time array,Ramirezhaven,1,Faroe Islands,2022-04-29T04:18:46Z,1
69.42,25,65791.17,213.38,Quality-focused hybrid frame,Carterport,0,Lao People's Democratic Republic,2022-04-29T04:16:08Z,0
42.32,29,63891.29,187.09,Digitized radical architecture,New Joshuaport,1,South Georgia and the South Sandwich Islands,2022-04-29T04:14:13Z,1
74.07,22,50950.24,165.43,Cross-group non-volatile secured line,Joneston,1,Ghana,2022-04-29T04:13:35Z,0
80.96,39,67866.95,225.0,Integrated leadingedge frame,New Travis,1,Wallis and Futuna,2022-04-29T04:12:30Z,0
39.3,32,48335.2,145.73,Decentralized bottom-line help-desk,Jonathanland,0,Lithuania,2022-04-29T04:11:37Z,1
80.91,32,61608.23,231.42,Enterprise-wide bi-directional secured line,Derrickhaven,0,Cuba,2022-04-29T04:10:20Z,0
63.26,29,54787.37,120.46,Customizable holistic archive,East Donna,1,Ethiopia,2022-04-29T04:02:45Z,1
83.16,41,70185.06,194.95,Decentralized 24hour approach,Robinsonland,0,Finland,2022-04-29T04:00:35Z,0
70.04,31,74780.74,183.85,Intuitive radical forecast,Hannahside,1,Jordan,2022-04-29T03:59:26Z,0
83.66,38,68877.02,175.14,Profound dynamic attitude,East Debraborough,0,Syrian Arab Republic,2022-04-29T03:58:36Z,0
37.47,44,45716.48,141.89,Realigned content-based leverage,Port Lawrence,1,Czech Republic,2022-04-29T03:56:18Z,1
41.28,50,50960.08,140.39,Universal 24/7 implementation,East Rachelview,0,Equatorial Guinea,2022-04-29T03:54:19Z,1
41.35,27,39193.45,162.46,Streamlined homogeneous analyzer,Hintonport,1,Colombia,2022-04-29T03:51:27Z,1
80.49,40,67186.54,229.12,Balanced heuristic approach,Amyhaven,1,Tanzania,2022-04-29T03:50:52Z,0
57.05,41,50278.89,269.96,Seamless full-range website,Port Erinberg,1,Sierra Leone,2022-04-29T03:45:19Z,1
77.29,27,66265.34,201.24,Grass-roots 4thgeneration forecast,Paulshire,1,Tuvalu,2022-04-29T03:43:55Z,0
63.45,23,52182.23,140.64,Persistent demand-driven interface,New Travistown,1,Spain,2022-04-29T03:41:30Z,1
32.6,38,40159.2,190.05,Customizable homogeneous contingency,Tylerport,0,Syrian Arab Republic,2022-04-29T03:39:09Z,1
68.01,25,68357.96,188.32,Ameliorated actuating workforce,Kaylashire,1,Afghanistan,2022-04-29T03:35:35Z,0
49.21,46,49206.4,115.6,Realigned 24/7 core,Carterland,0,Mexico,2022-04-29T03:34:35Z,1
77.47,36,70510.59,222.91,Assimilated actuating policy,Hatfieldshire,1,Jamaica,2022-04-29T03:29:12Z,0
67.91,23,55002.05,146.8,Re-engineered non-volatile neural-net,Hubbardmouth,1,Latvia,2022-04-29T03:28:31Z,1
39.85,38,31343.39,145.96,Profit-focused dedicated utilization,East Stephen,0,Vietnam,2022-04-29T03:22:15Z,1
66.47,31,58037.66,256.39,Vision-oriented human-resource synergy,Lindsaymouth,1,France,2022-04-29T03:13:48Z,0
57.64,57,45580.92,133.81,Synchronized dedicated service-desk,New Thomas,1,Dominica,2022-04-29T03:12:25Z,1
54.55,44,41547.62,109.04,Re-engineered optimal policy,West Gabriellamouth,0,Canada,2022-04-29T03:10:17Z,1
67.8,30,39809.69,117.75,Team-oriented 6thgeneration extranet,New Jay,1,Isle of Man,2022-04-29T02:59:37Z,1
84.08,30,62336.39,187.36,Face-to-face intermediate approach,Carterburgh,1,Fiji,2022-04-29T02:58:27Z,0
80.67,34,58909.36,239.76,Seamless impactful info-mediaries,Jamesville,0,Portugal,2022-04-29T02:52:10Z,0
40.19,37,55358.88,136.99,Right-sized system-worthy project,Adamsbury,0,France,2022-04-29T02:51:13Z,1
44.72,46,40468.53,123.86,Cross-group systemic customer loyalty,North Jenniferburgh,1,Grenada,2022-04-29T02:48:18Z,1
87.35,35,58114.3,158.29,Cloned dedicated analyzer,Carsonshire,1,Gibraltar,2022-04-29T02:47:17Z,0
37.01,50,48826.14,216.01,Secured encompassing Graphical User Interface,Port Derekberg,0,San Marino,2022-04-29T02:44:13Z,1
58.22,29,37345.24,120.9,User-friendly client-server instruction set,North Russellborough,0,South Africa,2022-04-29T02:40:02Z,1
73.72,32,52140.04,256.4,Universal contextually-based system engine,Richardsland,1,Thailand,2022-04-29T02:39:26Z,0
59.22,55,39131.53,126.39,Polarized 5thgeneration matrix,North Andrew,1,Honduras,2022-04-29T02:39:00Z,1
55.55,19,41920.79,187.95,Proactive bandwidth-monitored policy,West Steven,0,Guatemala,2022-04-29T02:35:54Z,0
78.57,36,64045.93,239.32,Exclusive client-driven model,East Henry,1,Liberia,2022-04-29T02:35:29Z,0
80.51,28,64008.55,200.28,Robust dedicated system engine,Christopherville,1,Bangladesh,2022-04-29T02:34:06Z,0
74.18,28,69874.18,203.87,Front-line even-keeled website,Lake Lisa,0,Cayman Islands,2022-04-29T02:31:36Z,0
74.15,29,54806.18,245.89,Triple-buffered reciprocal time-frame,West Terrifurt,1,Italy,2022-04-29T02:31:19Z,0
78.01,26,62729.4,200.71,Focused multi-state workforce,Donaldshire,1,French Guiana,2022-04-29T02:29:19Z,0
75.0,29,63965.16,230.36,Secured upward-trending benchmark,Perezland,1,Eritrea,2022-04-29T02:29:03Z,0
80.46,27,61625.87,207.96,Digitized zero administration paradigm,Port Chasemouth,1,Costa Rica,2022-04-29T02:13:52Z,0
46.66,45,49101.67,118.16,Grass-roots mission-critical emulation,Wrightview,0,Antigua and Barbuda,2022-04-29T02:07:17Z,1
78.35,46,53185.34,253.48,Pre-emptive client-server open system,Parkerhaven,0,Brazil,2022-04-29T02:07:14Z,0
34.78,48,42861.42,208.21,Exclusive even-keeled moratorium,Jeffreyburgh,1,South Africa,2022-04-29T02:01:55Z,1
78.96,50,69868.48,193.15,Stand-alone well-modulated product,East Jason,0,Cayman Islands,2022-04-29T01:55:38Z,1
73.94,26,55411.06,236.15,Front-line non-volatile implementation,Lukeport,1,Isle of Man,2022-04-29T01:53:14Z,0
76.07,36,68033.54,235.56,Implemented bottom-line implementation,West Michaelshire,0,Denmark,2022-04-29T01:42:28Z,0
66.0,48,24593.33,131.76,Reactive local challenge,Port Jefferybury,1,Australia,2022-04-29T01:40:15Z,1
69.08,41,77460.07,210.6,Ergonomic client-driven application,Kimberlyhaven,0,Turks and Caicos Islands,2022-04-29T01:39:19Z,0
32.84,40,41232.89,171.72,Triple-buffered 3rdgeneration migration,New Keithburgh,0,Trinidad and Tobago,2022-04-29T01:36:19Z,1
81.37,33,66412.04,215.04,Enhanced regional conglomeration,New Jessicaport,0,Vietnam,2022-04-29T01:20:05Z,0
75.92,22,38427.66,182.65,Monitored context-sensitive initiative,Port Calvintown,0,Russian Federation,2022-04-29T01:18:44Z,0
53.38,35,60803.37,120.06,Total local synergy,Alexanderview,1,French Guiana,2022-04-29T01:05:34Z,1
68.95,35,61833.9,256.09,Cloned 5thgeneration orchestration,Wrightburgh,0,Tunisia,2022-04-29T00:53:11Z,0
82.79,34,47997.75,132.08,Team-oriented zero-defect initiative,South Aaron,0,American Samoa,2022-04-29T00:52:29Z,1
49.13,32,41097.17,120.49,Optimized intermediate help-desk,Morganport,0,Fiji,2022-04-29T00:45:19Z,1
48.86,35,62463.7,128.37,Universal empowering adapter,Elizabethbury,1,Saint Martin,2022-04-29T00:44:57Z,1
83.98,36,68305.91,194.62,Profit-focused secondary portal,West Gregburgh,0,Zimbabwe,2022-04-29T00:44:44Z,0
36.49,52,42136.33,196.61,Object-based system-worthy superstructure,Ryanhaven,1,Lao People's Democratic Republic,2022-04-29T00:41:46Z,1
55.35,39,75509.61,153.17,De-engineered object-oriented protocol,East Tammie,1,Cook Islands,2022-04-29T00:37:54Z,1
84.53,35,54773.99,236.29,User-centric composite contingency,Brownview,0,Myanmar,2022-04-29T00:32:02Z,0
84.33,41,54989.93,240.95,Pre-emptive zero tolerance Local Area Network,Shawstad,0,Belize,2022-04-29T00:28:10Z,0
63.8,38,36037.33,108.7,Adaptive demand-driven knowledgebase,Colebury,1,Tuvalu,2022-04-29T00:27:58Z,1
66.17,33,69869.66,238.45,Cross-group neutral synergy,West Lucas,0,Panama,2022-04-29T00:26:15Z,0
81.38,31,64929.61,212.3,Balanced dynamic application,Bowenview,0,Saint Helena,2022-04-29T00:23:38Z,0
75.7,29,67633.44,215.44,Profound zero administration instruction set,Port Jeffrey,0,United States Minor Outlying Islands,2022-04-29T00:23:10Z,0
63.89,40,51317.33,105.22,Synchronized user-facing core,Jensenborough,0,Rwanda,2022-04-29T00:17:27Z,1
73.93,44,74180.05,218.22,Quality-focused scalable utilization,Lake Matthewland,0,Niue,2022-04-29T00:06:20Z,0
65.07,34,73941.91,227.53,Monitored explicit hierarchy,Princebury,1,Anguilla,2022-04-29T00:05:48Z,0
88.82,36,58638.75,169.1,Assimilated discrete strategy,East Johnport,0,Slovakia (Slovak Republic),2022-04-29T00:05:37Z,0
46.37,52,32847.53,144.27,De-engineered solution-oriented open architecture,Alexanderfurt,0,French Guiana,2022-04-29T00:02:53Z,1